-- ================================================================
-- 오늘우리 (Oneul-uri) 데모 시드 데이터
-- Supabase SQL Editor에서 실행하세요
-- ================================================================
-- couple_id : c460c7bc-8330-4587-b923-bb28954e1513
-- user1(연호): 7ae5c79f-582d-4031-939a-1066d9108a6c
-- user2(수민): 22f74434-3a18-4ba9-b4d0-8c1e8641d9bc

-- ================================================
-- 0. 기존 데모 데이터 정리 (재실행 가능)
-- ================================================
DELETE FROM record_comments WHERE couple_id = 'c460c7bc-8330-4587-b923-bb28954e1513';
DELETE FROM couple_answers WHERE daily_id IN (SELECT id FROM couple_question_daily WHERE couple_id = 'c460c7bc-8330-4587-b923-bb28954e1513');
DELETE FROM couple_question_daily WHERE couple_id = 'c460c7bc-8330-4587-b923-bb28954e1513';
DELETE FROM memo_items WHERE memo_id IN (SELECT id FROM couple_memos WHERE couple_id = 'c460c7bc-8330-4587-b923-bb28954e1513');
DELETE FROM couple_memos WHERE couple_id = 'c460c7bc-8330-4587-b923-bb28954e1513';
DELETE FROM date_plan_items WHERE plan_id IN (SELECT id FROM date_plans WHERE couple_id = 'c460c7bc-8330-4587-b923-bb28954e1513');
DELETE FROM date_plans WHERE couple_id = 'c460c7bc-8330-4587-b923-bb28954e1513';
DELETE FROM date_records WHERE couple_id = 'c460c7bc-8330-4587-b923-bb28954e1513';
DELETE FROM penpal_letters WHERE couple_id = 'c460c7bc-8330-4587-b923-bb28954e1513';
DELETE FROM calendar_events WHERE couple_id = 'c460c7bc-8330-4587-b923-bb28954e1513';
DELETE FROM calendar_stickers WHERE couple_id = 'c460c7bc-8330-4587-b923-bb28954e1513';
DELETE FROM anniversaries WHERE couple_id = 'c460c7bc-8330-4587-b923-bb28954e1513';
DELETE FROM roulette_history WHERE couple_id = 'c460c7bc-8330-4587-b923-bb28954e1513';
DELETE FROM roulette_items WHERE couple_id = 'c460c7bc-8330-4587-b923-bb28954e1513';
DELETE FROM wallet_transactions WHERE couple_id = 'c460c7bc-8330-4587-b923-bb28954e1513';
DELETE FROM wallet_goals WHERE couple_id = 'c460c7bc-8330-4587-b923-bb28954e1513';
DELETE FROM bookmarked_places WHERE couple_id = 'c460c7bc-8330-4587-b923-bb28954e1513';
DELETE FROM coupons WHERE couple_id = 'c460c7bc-8330-4587-b923-bb28954e1513';
DELETE FROM coupon_types WHERE couple_id = 'c460c7bc-8330-4587-b923-bb28954e1513';
DELETE FROM pet_diaries WHERE couple_id = 'c460c7bc-8330-4587-b923-bb28954e1513';
DELETE FROM pet_health WHERE couple_id = 'c460c7bc-8330-4587-b923-bb28954e1513';
DELETE FROM pets WHERE couple_id = 'c460c7bc-8330-4587-b923-bb28954e1513';

-- ================================================
-- 1. 커플 프로필 업데이트
-- ================================================
UPDATE couples SET
  start_date   = '2025-06-15',
  user1_nickname = '연호',
  user2_nickname = '수민',
  user1_emoji  = '🐻',
  user2_emoji  = '🐰',
  user1_birthday = '2000-03-15',
  user2_birthday = '2000-08-22',
  user1_status = '오늘도 사랑해 💕',
  user2_status = '보고싶다~'
WHERE id = 'c460c7bc-8330-4587-b923-bb28954e1513';

-- ================================================
-- 2. 데이트 기록 (15개)
-- ================================================
INSERT INTO date_records (id, couple_id, author_id, title, date, location, memo, mood, created_at) VALUES
('10000000-0000-4000-a000-000000000001','c460c7bc-8330-4587-b923-bb28954e1513','7ae5c79f-582d-4031-939a-1066d9108a6c',
 '성수 카페 투어 ☕','2025-12-15','성수동','첫 데이트했던 카페를 다시 갔다. 그때랑 똑같이 아메리카노 시켰는데 느낌이 달랐다.','love','2025-12-15T14:00:00+09:00'),
('10000000-0000-4000-a000-000000000002','c460c7bc-8330-4587-b923-bb28954e1513','22f74434-3a18-4ba9-b4d0-8c1e8641d9bc',
 '크리스마스 이브 🎄','2025-12-24','명동','명동 크리스마스 마켓에서 핫초코 마시며 걸었다. 손이 시려워서 호주머니에 같이 손 넣었다.','excited','2025-12-24T18:00:00+09:00'),
('10000000-0000-4000-a000-000000000003','c460c7bc-8330-4587-b923-bb28954e1513','7ae5c79f-582d-4031-939a-1066d9108a6c',
 '마지막 밤, 같이 🌃','2025-12-31','남산타워','남산에서 카운트다운 했다. 새해 첫 순간을 같이 보내서 좋았다.','love','2025-12-31T23:30:00+09:00'),
('10000000-0000-4000-a000-000000000004','c460c7bc-8330-4587-b923-bb28954e1513','22f74434-3a18-4ba9-b4d0-8c1e8641d9bc',
 '홍대 맛집 탐방 🍜','2026-01-10','홍대','연남동 골목골목 돌아다니면서 떡볶이, 타코야키, 붕어빵 먹었다.','happy','2026-01-10T12:00:00+09:00'),
('10000000-0000-4000-a000-000000000005','c460c7bc-8330-4587-b923-bb28954e1513','7ae5c79f-582d-4031-939a-1066d9108a6c',
 '겨울 궁 산책','2026-01-20','경복궁','눈 내리는 경복궁은 진짜 영화 같았다. 한복 입고 사진도 찍었다.','cozy','2026-01-20T10:00:00+09:00'),
('10000000-0000-4000-a000-000000000006','c460c7bc-8330-4587-b923-bb28954e1513','22f74434-3a18-4ba9-b4d0-8c1e8641d9bc',
 '아쿠아리움 데이트 🐠','2026-01-27','코엑스','해파리 수조 앞에서 한참 서 있었다. 둘 다 넋 놓고 봤다.','excited','2026-01-27T13:00:00+09:00'),
('10000000-0000-4000-a000-000000000007','c460c7bc-8330-4587-b923-bb28954e1513','7ae5c79f-582d-4031-939a-1066d9108a6c',
 '이태원 브런치','2026-02-08','이태원','팬케이크가 진짜 맛있었다. 다음에 또 오자고 약속했다.','happy','2026-02-08T11:00:00+09:00'),
('10000000-0000-4000-a000-000000000008','c460c7bc-8330-4587-b923-bb28954e1513','22f74434-3a18-4ba9-b4d0-8c1e8641d9bc',
 '발렌타인 디너 💝','2026-02-14','청담 레스토랑','코스 요리 먹으면서 서로 편지 교환했다. 울 뻔했다.','love','2026-02-14T19:00:00+09:00'),
('10000000-0000-4000-a000-000000000009','c460c7bc-8330-4587-b923-bb28954e1513','7ae5c79f-582d-4031-939a-1066d9108a6c',
 '한강 라면 피크닉 🍜','2026-02-22','여의도 한강공원','편의점 라면에 김밥이면 충분하다. 한강 바람이 좀 차가웠지만 행복했다.','cozy','2026-02-22T15:00:00+09:00'),
('10000000-0000-4000-a000-000000000010','c460c7bc-8330-4587-b923-bb28954e1513','22f74434-3a18-4ba9-b4d0-8c1e8641d9bc',
 '벚꽃 구경 🌸','2026-03-01','여의도','벚꽃이 아직 덜 폈지만 분위기가 너무 좋았다. 벚꽃 터널에서 사진 많이 찍었다.','happy','2026-03-01T14:00:00+09:00'),
('10000000-0000-4000-a000-000000000011','c460c7bc-8330-4587-b923-bb28954e1513','7ae5c79f-582d-4031-939a-1066d9108a6c',
 '한옥마을 데이트','2026-03-08','북촌 한옥마을','좁은 골목길을 손잡고 걸었다. 전통 찻집에서 쌍화차 마셨다.','cozy','2026-03-08T11:00:00+09:00'),
('10000000-0000-4000-a000-000000000012','c460c7bc-8330-4587-b923-bb28954e1513','22f74434-3a18-4ba9-b4d0-8c1e8641d9bc',
 '연호 생일 파티 🎂','2026-03-15','압구정','서프라이즈 케이크 성공! 연호가 진짜 감동받았다.','excited','2026-03-15T18:00:00+09:00'),
('10000000-0000-4000-a000-000000000013','c460c7bc-8330-4587-b923-bb28954e1513','7ae5c79f-582d-4031-939a-1066d9108a6c',
 '롯데월드 놀이공원 🎢','2026-03-22','잠실 롯데월드','바이킹 타고 수민이 소리 지르는 거 너무 웃겼다.','funny','2026-03-22T10:00:00+09:00'),
('10000000-0000-4000-a000-000000000014','c460c7bc-8330-4587-b923-bb28954e1513','22f74434-3a18-4ba9-b4d0-8c1e8641d9bc',
 '을지로 감성 카페','2026-03-29','을지로','레트로 감성 카페에서 필름 카메라로 서로 찍어줬다.','cozy','2026-03-29T15:00:00+09:00'),
('10000000-0000-4000-a000-000000000015','c460c7bc-8330-4587-b923-bb28954e1513','7ae5c79f-582d-4031-939a-1066d9108a6c',
 '서울숲 봄 산책 🌿','2026-04-05','서울숲','드디어 봄이다. 사슴 먹이 주고 잔디밭에 누워서 하늘 봤다.','happy','2026-04-05T13:00:00+09:00');

-- ================================================
-- 3. 데이트 기록 댓글 (5개)
-- ================================================
INSERT INTO record_comments (couple_id, record_id, author_id, content, created_at) VALUES
('c460c7bc-8330-4587-b923-bb28954e1513','10000000-0000-4000-a000-000000000001','22f74434-3a18-4ba9-b4d0-8c1e8641d9bc','그날 카페 진짜 예뻤어 ☕','2025-12-16T10:00:00+09:00'),
('c460c7bc-8330-4587-b923-bb28954e1513','10000000-0000-4000-a000-000000000003','22f74434-3a18-4ba9-b4d0-8c1e8641d9bc','남산에서 본 야경 잊을 수 없어 ✨','2026-01-01T12:00:00+09:00'),
('c460c7bc-8330-4587-b923-bb28954e1513','10000000-0000-4000-a000-000000000008','7ae5c79f-582d-4031-939a-1066d9108a6c','최고의 발렌타인이었어 💝','2026-02-15T09:00:00+09:00'),
('c460c7bc-8330-4587-b923-bb28954e1513','10000000-0000-4000-a000-000000000012','7ae5c79f-582d-4031-939a-1066d9108a6c','생일 축하해줘서 고마워!!','2026-03-16T08:00:00+09:00'),
('c460c7bc-8330-4587-b923-bb28954e1513','10000000-0000-4000-a000-000000000015','22f74434-3a18-4ba9-b4d0-8c1e8641d9bc','서울숲 또 가자 🌿','2026-04-06T10:00:00+09:00');

-- ================================================
-- 4. 데이트 플래너 (2개 + 아이템)
-- ================================================
INSERT INTO date_plans (id, couple_id, author_id, title, date, status, created_at) VALUES
('20000000-0000-4000-a000-000000000001','c460c7bc-8330-4587-b923-bb28954e1513','7ae5c79f-582d-4031-939a-1066d9108a6c',
 '주말 강릉 여행 🚗','2026-04-12','planned','2026-04-06T20:00:00+09:00'),
('20000000-0000-4000-a000-000000000002','c460c7bc-8330-4587-b923-bb28954e1513','22f74434-3a18-4ba9-b4d0-8c1e8641d9bc',
 '발렌타인 디너 코스 💝','2026-02-14','completed','2026-02-10T15:00:00+09:00');

-- 강릉 여행 아이템
INSERT INTO date_plan_items (plan_id, sort_order, time, category, title, memo, created_at) VALUES
('20000000-0000-4000-a000-000000000001',1,'10:00','cafe','강릉 테라로사 본점','커피 성지 순례!','2026-04-06T20:10:00+09:00'),
('20000000-0000-4000-a000-000000000001',2,'12:00','food','초당순두부마을','초당 원조 순두부 먹기','2026-04-06T20:11:00+09:00'),
('20000000-0000-4000-a000-000000000001',3,'14:00','walk','경포대 해변 산책','바다 보면서 산책하기','2026-04-06T20:12:00+09:00'),
('20000000-0000-4000-a000-000000000001',4,'16:00','cafe','안목해변 커피거리','바다 뷰 카페에서 쉬기','2026-04-06T20:13:00+09:00');

-- 발렌타인 코스 아이템 (완료)
INSERT INTO date_plan_items (plan_id, sort_order, time, category, title, memo, is_from_roulette, created_at) VALUES
('20000000-0000-4000-a000-000000000002',1,'17:00','shopping','청담 편집샵','선물 고르기','2026-02-10T15:10:00+09:00'),
('20000000-0000-4000-a000-000000000002',2,'19:00','food','청담 이탈리안 레스토랑','코스 디너 예약 완료',false,'2026-02-10T15:11:00+09:00'),
('20000000-0000-4000-a000-000000000002',3,'21:00','walk','청담 야경 산책','식후 소화 겸 야경 감상',false,'2026-02-10T15:12:00+09:00');

-- ================================================
-- 5. 기념일 (8개)
-- ================================================
INSERT INTO anniversaries (couple_id, title, date, type, is_recurring, created_at) VALUES
('c460c7bc-8330-4587-b923-bb28954e1513','100일 💯','2025-09-23','auto',false,'2025-06-15T00:00:00+09:00'),
('c460c7bc-8330-4587-b923-bb28954e1513','200일','2026-01-01','auto',false,'2025-06-15T00:00:00+09:00'),
('c460c7bc-8330-4587-b923-bb28954e1513','300일','2026-04-11','auto',false,'2025-06-15T00:00:00+09:00'),
('c460c7bc-8330-4587-b923-bb28954e1513','1주년 🎉','2026-06-15','auto',true,'2025-06-15T00:00:00+09:00'),
('c460c7bc-8330-4587-b923-bb28954e1513','첫 만남 기념일','2025-05-20','custom',true,'2025-06-15T00:00:00+09:00'),
('c460c7bc-8330-4587-b923-bb28954e1513','처음 손잡은 날 🤝','2025-07-01','custom',false,'2025-07-01T00:00:00+09:00'),
('c460c7bc-8330-4587-b923-bb28954e1513','연호 생일 🎂','2000-03-15','birthday',true,'2025-06-15T00:00:00+09:00'),
('c460c7bc-8330-4587-b923-bb28954e1513','수민 생일 🎂','2000-08-22','birthday',true,'2025-06-15T00:00:00+09:00');

-- ================================================
-- 6. 캘린더 일정 (8개)
-- ================================================
INSERT INTO calendar_events (couple_id, author_id, title, date, category, memo, created_at) VALUES
('c460c7bc-8330-4587-b923-bb28954e1513','7ae5c79f-582d-4031-939a-1066d9108a6c','새로 오픈한 카페 가보기','2026-04-08','date',NULL,'2026-04-06T20:00:00+09:00'),
('c460c7bc-8330-4587-b923-bb28954e1513','22f74434-3a18-4ba9-b4d0-8c1e8641d9bc','수민 미용실 예약','2026-04-10','personal','오후 2시 예약','2026-04-06T20:01:00+09:00'),
('c460c7bc-8330-4587-b923-bb28954e1513','7ae5c79f-582d-4031-939a-1066d9108a6c','강릉 여행 D-day!','2026-04-12','date','아침 일찍 출발','2026-04-06T20:02:00+09:00'),
('c460c7bc-8330-4587-b923-bb28954e1513','7ae5c79f-582d-4031-939a-1066d9108a6c','연호 중간고사','2026-04-15','personal',NULL,'2026-04-06T20:03:00+09:00'),
('c460c7bc-8330-4587-b923-bb28954e1513','22f74434-3a18-4ba9-b4d0-8c1e8641d9bc','주말 영화 보기','2026-04-19','date','보고 싶은 영화 고르기','2026-04-06T20:04:00+09:00'),
('c460c7bc-8330-4587-b923-bb28954e1513','22f74434-3a18-4ba9-b4d0-8c1e8641d9bc','수민 친구 결혼식','2026-04-22','personal','축의금 준비','2026-04-06T20:05:00+09:00'),
('c460c7bc-8330-4587-b923-bb28954e1513','7ae5c79f-582d-4031-939a-1066d9108a6c','커플 통장 점검일','2026-04-26','date',NULL,'2026-04-06T20:06:00+09:00'),
('c460c7bc-8330-4587-b923-bb28954e1513','7ae5c79f-582d-4031-939a-1066d9108a6c','어린이날 여행 계획','2026-05-04','date','어디로 갈지 정하기','2026-04-06T20:07:00+09:00');

-- ================================================
-- 7. 캘린더 스티커 (6개)
-- ================================================
INSERT INTO calendar_stickers (couple_id, author_id, date, sticker_id, created_at) VALUES
('c460c7bc-8330-4587-b923-bb28954e1513','7ae5c79f-582d-4031-939a-1066d9108a6c','2026-04-05','date-walk','2026-04-05T20:00:00+09:00'),
('c460c7bc-8330-4587-b923-bb28954e1513','22f74434-3a18-4ba9-b4d0-8c1e8641d9bc','2026-03-29','date-cafe','2026-03-29T20:00:00+09:00'),
('c460c7bc-8330-4587-b923-bb28954e1513','7ae5c79f-582d-4031-939a-1066d9108a6c','2026-03-22','date-amusement','2026-03-22T20:00:00+09:00'),
('c460c7bc-8330-4587-b923-bb28954e1513','22f74434-3a18-4ba9-b4d0-8c1e8641d9bc','2026-03-15','anniv-birthday-cake','2026-03-15T20:00:00+09:00'),
('c460c7bc-8330-4587-b923-bb28954e1513','22f74434-3a18-4ba9-b4d0-8c1e8641d9bc','2026-02-14','mood-love','2026-02-14T22:00:00+09:00'),
('c460c7bc-8330-4587-b923-bb28954e1513','7ae5c79f-582d-4031-939a-1066d9108a6c','2025-12-24','anniv-gift','2025-12-24T22:00:00+09:00');

-- ================================================
-- 8. 펜팔 편지 (6통)
-- ================================================
INSERT INTO penpal_letters (id, couple_id, sender_id, receiver_id, content, stationery, is_read, created_at) VALUES
('30000000-0000-4000-a000-000000000001','c460c7bc-8330-4587-b923-bb28954e1513',
 '22f74434-3a18-4ba9-b4d0-8c1e8641d9bc','7ae5c79f-582d-4031-939a-1066d9108a6c',
 '연호야, 처음으로 편지를 써본다. 매일 만나면서도 이렇게 글로 쓰려니까 쑥스럽네. 우리 사귄 지 벌써 반년이 넘었다. 처음에 어색했던 게 엊그제 같은데, 이제는 네가 없는 하루가 상상이 안 돼. 앞으로도 잘 부탁해 💕',
 'default',true,'2026-01-05T22:00:00+09:00'),
('30000000-0000-4000-a000-000000000002','c460c7bc-8330-4587-b923-bb28954e1513',
 '7ae5c79f-582d-4031-939a-1066d9108a6c','22f74434-3a18-4ba9-b4d0-8c1e8641d9bc',
 '수민아, 편지 고마워. 나도 쑥스러워서 말로는 잘 못하는데, 이렇게 쓰니까 좀 낫다. 네가 옆에 있으면 세상이 다 따뜻해지는 느낌이야. 아 그리고 다음 데이트 때 가고 싶은 곳 있어? 내가 다 알아볼게 😊',
 'star',true,'2026-01-08T21:00:00+09:00'),
('30000000-0000-4000-a000-000000000003','c460c7bc-8330-4587-b923-bb28954e1513',
 '22f74434-3a18-4ba9-b4d0-8c1e8641d9bc','7ae5c79f-582d-4031-939a-1066d9108a6c',
 '해피 발렌타인 데이! 🍫 초콜릿 대신 편지로 마음을 전할게. 연호야, 넌 내가 힘들 때 항상 곁에 있어줬잖아. 그게 얼마나 큰 힘이 되는지 몰라. 오늘 디너 너무 기대된다! 사랑해 💝',
 'flower',true,'2026-02-14T10:00:00+09:00'),
('30000000-0000-4000-a000-000000000004','c460c7bc-8330-4587-b923-bb28954e1513',
 '7ae5c79f-582d-4031-939a-1066d9108a6c','22f74434-3a18-4ba9-b4d0-8c1e8641d9bc',
 '수민아, 발렌타인 편지 감동이었어. 100일도 200일도 다 좋았지만, 매일매일이 기념일 같아. 우리 앞으로 1000일, 10000일도 같이 가자. 아 그리고 다음 달에 벚꽃 보러 가자! 🌸',
 'craft',true,'2026-02-20T23:00:00+09:00'),
('30000000-0000-4000-a000-000000000005','c460c7bc-8330-4587-b923-bb28954e1513',
 '22f74434-3a18-4ba9-b4d0-8c1e8641d9bc','7ae5c79f-582d-4031-939a-1066d9108a6c',
 '오늘 벚꽃 너무 예뻤어. 꽃잎이 바람에 날리는 거 보면서 연호 생각했다. 왜냐면... 꽃잎이 내 머리에 붙었을 때 웃으면서 떼어주던 네 표정이 아직도 눈에 선해 🌸 다음에는 밤벚꽃도 보러 가자!',
 'flower',true,'2026-03-01T20:00:00+09:00'),
('30000000-0000-4000-a000-000000000006','c460c7bc-8330-4587-b923-bb28954e1513',
 '7ae5c79f-582d-4031-939a-1066d9108a6c','22f74434-3a18-4ba9-b4d0-8c1e8641d9bc',
 '수민아, 요즘 매일이 행복해. 아침에 눈 뜨면 네 카톡이 와 있고, 저녁에는 통화하고. 이런 평범한 일상이 제일 소중한 거 같아. 우리 300일도 곧이다! 특별한 거 하자. 사랑해 ❤️',
 'lined',false,'2026-03-30T22:00:00+09:00');

-- 답장 관계 설정
UPDATE penpal_letters SET reply_to_id = '30000000-0000-4000-a000-000000000001' WHERE id = '30000000-0000-4000-a000-000000000002';
UPDATE penpal_letters SET reply_to_id = '30000000-0000-4000-a000-000000000003' WHERE id = '30000000-0000-4000-a000-000000000004';

-- ================================================
-- 9. 커플 질문 + 답변 (5일 × 3 = 15개 질문)
-- ================================================
INSERT INTO couple_question_daily (id, couple_id, question_id, date, created_at) VALUES
-- 4/2: text 1001, choice 2001, scale 3001
('40000000-0000-4000-a000-000000000001','c460c7bc-8330-4587-b923-bb28954e1513',1001,'2026-04-02','2026-04-02T00:00:00+09:00'),
('40000000-0000-4000-a000-000000000002','c460c7bc-8330-4587-b923-bb28954e1513',2001,'2026-04-02','2026-04-02T00:00:00+09:00'),
('40000000-0000-4000-a000-000000000003','c460c7bc-8330-4587-b923-bb28954e1513',3001,'2026-04-02','2026-04-02T00:00:00+09:00'),
-- 4/3: text 1002, choice 2003, scale 3002
('40000000-0000-4000-a000-000000000004','c460c7bc-8330-4587-b923-bb28954e1513',1002,'2026-04-03','2026-04-03T00:00:00+09:00'),
('40000000-0000-4000-a000-000000000005','c460c7bc-8330-4587-b923-bb28954e1513',2003,'2026-04-03','2026-04-03T00:00:00+09:00'),
('40000000-0000-4000-a000-000000000006','c460c7bc-8330-4587-b923-bb28954e1513',3002,'2026-04-03','2026-04-03T00:00:00+09:00'),
-- 4/4: text 1003, choice 2005, scale 3003
('40000000-0000-4000-a000-000000000007','c460c7bc-8330-4587-b923-bb28954e1513',1003,'2026-04-04','2026-04-04T00:00:00+09:00'),
('40000000-0000-4000-a000-000000000008','c460c7bc-8330-4587-b923-bb28954e1513',2005,'2026-04-04','2026-04-04T00:00:00+09:00'),
('40000000-0000-4000-a000-000000000009','c460c7bc-8330-4587-b923-bb28954e1513',3003,'2026-04-04','2026-04-04T00:00:00+09:00'),
-- 4/5: text 1004, choice 2007, scale 3004
('40000000-0000-4000-a000-000000000010','c460c7bc-8330-4587-b923-bb28954e1513',1004,'2026-04-05','2026-04-05T00:00:00+09:00'),
('40000000-0000-4000-a000-000000000011','c460c7bc-8330-4587-b923-bb28954e1513',2007,'2026-04-05','2026-04-05T00:00:00+09:00'),
('40000000-0000-4000-a000-000000000012','c460c7bc-8330-4587-b923-bb28954e1513',3004,'2026-04-05','2026-04-05T00:00:00+09:00'),
-- 4/6: text 1005, choice 2009, scale 3005
('40000000-0000-4000-a000-000000000013','c460c7bc-8330-4587-b923-bb28954e1513',1005,'2026-04-06','2026-04-06T00:00:00+09:00'),
('40000000-0000-4000-a000-000000000014','c460c7bc-8330-4587-b923-bb28954e1513',2009,'2026-04-06','2026-04-06T00:00:00+09:00'),
('40000000-0000-4000-a000-000000000015','c460c7bc-8330-4587-b923-bb28954e1513',3005,'2026-04-06','2026-04-06T00:00:00+09:00');

-- 답변 (양쪽 모두)
INSERT INTO couple_answers (daily_id, user_id, answer_text, answer_choice, answer_scale, created_at) VALUES
-- 4/2 text: 나한테 꺼내지 못한 마음이 있다면?
('40000000-0000-4000-a000-000000000001','7ae5c79f-582d-4031-939a-1066d9108a6c','가끔 너무 보고 싶어서 힘들 때가 있어. 근데 부담줄까봐 말 못 했어.',NULL,NULL,'2026-04-02T10:00:00+09:00'),
('40000000-0000-4000-a000-000000000001','22f74434-3a18-4ba9-b4d0-8c1e8641d9bc','연호가 바쁠 때 외로운데 티 안 내려고 해. 근데 이해하고 있어!',NULL,NULL,'2026-04-02T11:00:00+09:00'),
-- 4/2 choice: 산 vs 바다
('40000000-0000-4000-a000-000000000002','7ae5c79f-582d-4031-939a-1066d9108a6c',NULL,'B',NULL,'2026-04-02T10:01:00+09:00'),
('40000000-0000-4000-a000-000000000002','22f74434-3a18-4ba9-b4d0-8c1e8641d9bc',NULL,'B',NULL,'2026-04-02T11:01:00+09:00'),
-- 4/2 scale: 오늘 우리 사이는 어때?
('40000000-0000-4000-a000-000000000003','7ae5c79f-582d-4031-939a-1066d9108a6c',NULL,NULL,9,'2026-04-02T10:02:00+09:00'),
('40000000-0000-4000-a000-000000000003','22f74434-3a18-4ba9-b4d0-8c1e8641d9bc',NULL,NULL,8,'2026-04-02T11:02:00+09:00'),
-- 4/3 text: 처음 날 봤을 때 어떤 느낌이었어?
('40000000-0000-4000-a000-000000000004','7ae5c79f-582d-4031-939a-1066d9108a6c','눈이 예쁘다고 생각했어. 그리고 웃을 때 보조개가 매력적이었어.',NULL,NULL,'2026-04-03T09:00:00+09:00'),
('40000000-0000-4000-a000-000000000004','22f74434-3a18-4ba9-b4d0-8c1e8641d9bc','키가 크고 목소리가 좋았어. 말할 때 눈 맞추는 게 인상적이었어.',NULL,NULL,'2026-04-03T12:00:00+09:00'),
-- 4/3 choice: 아침형 vs 저녁형
('40000000-0000-4000-a000-000000000005','7ae5c79f-582d-4031-939a-1066d9108a6c',NULL,'B',NULL,'2026-04-03T09:01:00+09:00'),
('40000000-0000-4000-a000-000000000005','22f74434-3a18-4ba9-b4d0-8c1e8641d9bc',NULL,'A',NULL,'2026-04-03T12:01:00+09:00'),
-- 4/3 scale: 요즘 내가 잘하고 있어?
('40000000-0000-4000-a000-000000000006','7ae5c79f-582d-4031-939a-1066d9108a6c',NULL,NULL,7,'2026-04-03T09:02:00+09:00'),
('40000000-0000-4000-a000-000000000006','22f74434-3a18-4ba9-b4d0-8c1e8641d9bc',NULL,NULL,9,'2026-04-03T12:02:00+09:00'),
-- 4/4 text: 우리 사이에서 더 나아졌으면 하는 건?
('40000000-0000-4000-a000-000000000007','7ae5c79f-582d-4031-939a-1066d9108a6c','바쁠 때도 짧게라도 연락하는 습관을 들이고 싶어.',NULL,NULL,'2026-04-04T10:00:00+09:00'),
('40000000-0000-4000-a000-000000000007','22f74434-3a18-4ba9-b4d0-8c1e8641d9bc','가끔 서운한 거 바로바로 말하는 게 좋을 것 같아!',NULL,NULL,'2026-04-04T14:00:00+09:00'),
-- 4/4 choice: 여름 vs 겨울
('40000000-0000-4000-a000-000000000008','7ae5c79f-582d-4031-939a-1066d9108a6c',NULL,'A',NULL,'2026-04-04T10:01:00+09:00'),
('40000000-0000-4000-a000-000000000008','22f74434-3a18-4ba9-b4d0-8c1e8641d9bc',NULL,'B',NULL,'2026-04-04T14:01:00+09:00'),
-- 4/4 scale: 지금 보고 싶은 마음은?
('40000000-0000-4000-a000-000000000009','7ae5c79f-582d-4031-939a-1066d9108a6c',NULL,NULL,8,'2026-04-04T10:02:00+09:00'),
('40000000-0000-4000-a000-000000000009','22f74434-3a18-4ba9-b4d0-8c1e8641d9bc',NULL,NULL,10,'2026-04-04T14:02:00+09:00'),
-- 4/5 text: 내 곁에서 조금 외로웠던 순간이 있었어?
('40000000-0000-4000-a000-000000000010','7ae5c79f-582d-4031-939a-1066d9108a6c','시험 기간에 연락 못 했을 때. 미안해.',NULL,NULL,'2026-04-05T11:00:00+09:00'),
('40000000-0000-4000-a000-000000000010','22f74434-3a18-4ba9-b4d0-8c1e8641d9bc','친구들 만날 때 나만 빠지는 거 같을 때? 근데 이해해!',NULL,NULL,'2026-04-05T15:00:00+09:00'),
-- 4/5 choice: 계획적 vs 즉흥적
('40000000-0000-4000-a000-000000000011','7ae5c79f-582d-4031-939a-1066d9108a6c',NULL,'A',NULL,'2026-04-05T11:01:00+09:00'),
('40000000-0000-4000-a000-000000000011','22f74434-3a18-4ba9-b4d0-8c1e8641d9bc',NULL,'B',NULL,'2026-04-05T15:01:00+09:00'),
-- 4/5 scale: 오늘 하루 피곤했어?
('40000000-0000-4000-a000-000000000012','7ae5c79f-582d-4031-939a-1066d9108a6c',NULL,NULL,6,'2026-04-05T11:02:00+09:00'),
('40000000-0000-4000-a000-000000000012','22f74434-3a18-4ba9-b4d0-8c1e8641d9bc',NULL,NULL,4,'2026-04-05T15:02:00+09:00'),
-- 4/6 text: 내 어떤 모습에 마음이 기울었어?
('40000000-0000-4000-a000-000000000013','7ae5c79f-582d-4031-939a-1066d9108a6c','밝게 웃는 모습. 그리고 작은 것에도 감동하는 거.',NULL,NULL,'2026-04-06T10:00:00+09:00'),
('40000000-0000-4000-a000-000000000013','22f74434-3a18-4ba9-b4d0-8c1e8641d9bc','다정하게 챙겨주는 모습. 자연스럽게 문 열어주는 거.',NULL,NULL,'2026-04-06T13:00:00+09:00'),
-- 4/6 choice: 집 데이트 vs 밖 데이트
('40000000-0000-4000-a000-000000000014','7ae5c79f-582d-4031-939a-1066d9108a6c',NULL,'B',NULL,'2026-04-06T10:01:00+09:00'),
('40000000-0000-4000-a000-000000000014','22f74434-3a18-4ba9-b4d0-8c1e8641d9bc',NULL,'A',NULL,'2026-04-06T13:01:00+09:00'),
-- 4/6 scale: 우리 대화 빈도는 어때?
('40000000-0000-4000-a000-000000000015','7ae5c79f-582d-4031-939a-1066d9108a6c',NULL,NULL,8,'2026-04-06T10:02:00+09:00'),
('40000000-0000-4000-a000-000000000015','22f74434-3a18-4ba9-b4d0-8c1e8641d9bc',NULL,NULL,7,'2026-04-06T13:02:00+09:00');

-- ================================================
-- 10. 룰렛 항목 (18개) + 히스토리 (5개)
-- ================================================
INSERT INTO roulette_items (couple_id, category, label, is_default, created_at) VALUES
('c460c7bc-8330-4587-b923-bb28954e1513','food','치킨 🍗',true,'2025-06-15T00:00:00+09:00'),
('c460c7bc-8330-4587-b923-bb28954e1513','food','피자 🍕',true,'2025-06-15T00:00:00+09:00'),
('c460c7bc-8330-4587-b923-bb28954e1513','food','초밥 🍣',true,'2025-06-15T00:00:00+09:00'),
('c460c7bc-8330-4587-b923-bb28954e1513','food','삼겹살 🥩',true,'2025-06-15T00:00:00+09:00'),
('c460c7bc-8330-4587-b923-bb28954e1513','food','파스타 🍝',true,'2025-06-15T00:00:00+09:00'),
('c460c7bc-8330-4587-b923-bb28954e1513','food','떡볶이 🌶️',true,'2025-06-15T00:00:00+09:00'),
('c460c7bc-8330-4587-b923-bb28954e1513','place','카페 ☕',true,'2025-06-15T00:00:00+09:00'),
('c460c7bc-8330-4587-b923-bb28954e1513','place','영화관 🎬',true,'2025-06-15T00:00:00+09:00'),
('c460c7bc-8330-4587-b923-bb28954e1513','place','한강 🌊',true,'2025-06-15T00:00:00+09:00'),
('c460c7bc-8330-4587-b923-bb28954e1513','place','공원 🌳',true,'2025-06-15T00:00:00+09:00'),
('c460c7bc-8330-4587-b923-bb28954e1513','place','전시회 🎨',true,'2025-06-15T00:00:00+09:00'),
('c460c7bc-8330-4587-b923-bb28954e1513','place','맛집 탐방 🍽️',true,'2025-06-15T00:00:00+09:00'),
('c460c7bc-8330-4587-b923-bb28954e1513','activity','넷플릭스 📺',true,'2025-06-15T00:00:00+09:00'),
('c460c7bc-8330-4587-b923-bb28954e1513','activity','보드게임 🎲',true,'2025-06-15T00:00:00+09:00'),
('c460c7bc-8330-4587-b923-bb28954e1513','activity','산책 🚶',true,'2025-06-15T00:00:00+09:00'),
('c460c7bc-8330-4587-b923-bb28954e1513','activity','요리 👨‍🍳',true,'2025-06-15T00:00:00+09:00'),
('c460c7bc-8330-4587-b923-bb28954e1513','activity','사진 찍기 📸',true,'2025-06-15T00:00:00+09:00'),
('c460c7bc-8330-4587-b923-bb28954e1513','activity','드라이브 🚗',true,'2025-06-15T00:00:00+09:00');

INSERT INTO roulette_history (couple_id, category, result, created_at) VALUES
('c460c7bc-8330-4587-b923-bb28954e1513','food','치킨 🍗','2026-03-28T19:00:00+09:00'),
('c460c7bc-8330-4587-b923-bb28954e1513','place','한강 🌊','2026-03-22T14:00:00+09:00'),
('c460c7bc-8330-4587-b923-bb28954e1513','activity','넷플릭스 📺','2026-04-01T20:00:00+09:00'),
('c460c7bc-8330-4587-b923-bb28954e1513','food','초밥 🍣','2026-04-03T18:00:00+09:00'),
('c460c7bc-8330-4587-b923-bb28954e1513','activity','산책 🚶','2026-04-05T15:00:00+09:00');

-- ================================================
-- 11. 저축 목표 + 거래 내역
-- ================================================
INSERT INTO wallet_goals (id, couple_id, title, target_amount, current_amount, target_date, is_achieved, achieved_milestones, created_at) VALUES
('80000000-0000-4000-a000-000000000001','c460c7bc-8330-4587-b923-bb28954e1513',
 '제주도 여행 ✈️',500000,320000,'2026-07-01',false,'{10,25,50}','2026-01-10T20:00:00+09:00');

INSERT INTO wallet_transactions (couple_id, goal_id, user_id, amount, memo, created_at) VALUES
('c460c7bc-8330-4587-b923-bb28954e1513','80000000-0000-4000-a000-000000000001','7ae5c79f-582d-4031-939a-1066d9108a6c',50000,'첫 입금!','2026-01-15T20:00:00+09:00'),
('c460c7bc-8330-4587-b923-bb28954e1513','80000000-0000-4000-a000-000000000001','22f74434-3a18-4ba9-b4d0-8c1e8641d9bc',30000,'커피 참은 날 ☕','2026-01-20T12:00:00+09:00'),
('c460c7bc-8330-4587-b923-bb28954e1513','80000000-0000-4000-a000-000000000001','7ae5c79f-582d-4031-939a-1066d9108a6c',40000,'2월 시작','2026-02-01T20:00:00+09:00'),
('c460c7bc-8330-4587-b923-bb28954e1513','80000000-0000-4000-a000-000000000001','22f74434-3a18-4ba9-b4d0-8c1e8641d9bc',50000,'발렌타인 입금 💝','2026-02-14T22:00:00+09:00'),
('c460c7bc-8330-4587-b923-bb28954e1513','80000000-0000-4000-a000-000000000001','7ae5c79f-582d-4031-939a-1066d9108a6c',30000,'3월 시작','2026-03-01T20:00:00+09:00'),
('c460c7bc-8330-4587-b923-bb28954e1513','80000000-0000-4000-a000-000000000001','22f74434-3a18-4ba9-b4d0-8c1e8641d9bc',40000,'반 모았다!','2026-03-10T12:00:00+09:00'),
('c460c7bc-8330-4587-b923-bb28954e1513','80000000-0000-4000-a000-000000000001','7ae5c79f-582d-4031-939a-1066d9108a6c',50000,'꾸준히!','2026-03-20T20:00:00+09:00'),
('c460c7bc-8330-4587-b923-bb28954e1513','80000000-0000-4000-a000-000000000001','22f74434-3a18-4ba9-b4d0-8c1e8641d9bc',30000,'4월 입금','2026-04-01T12:00:00+09:00');

-- ================================================
-- 12. 장소 북마크 (6개)
-- ================================================
INSERT INTO bookmarked_places (couple_id, author_id, name, category, visit_count, last_visited, memo, created_at) VALUES
('c460c7bc-8330-4587-b923-bb28954e1513','7ae5c79f-582d-4031-939a-1066d9108a6c','성수 카페거리','cafe',3,'2026-03-29','우리 첫 데이트 장소','2025-12-15T14:00:00+09:00'),
('c460c7bc-8330-4587-b923-bb28954e1513','7ae5c79f-582d-4031-939a-1066d9108a6c','여의도 한강공원','nature',2,'2026-03-01','라면 먹기 좋은 곳','2026-02-22T15:00:00+09:00'),
('c460c7bc-8330-4587-b923-bb28954e1513','22f74434-3a18-4ba9-b4d0-8c1e8641d9bc','홍대 맛집골목','food',2,'2026-01-10','연남동 떡볶이 맛집','2026-01-10T12:00:00+09:00'),
('c460c7bc-8330-4587-b923-bb28954e1513','7ae5c79f-582d-4031-939a-1066d9108a6c','경복궁','culture',1,'2026-01-20','눈 오는 날 추천','2026-01-20T10:00:00+09:00'),
('c460c7bc-8330-4587-b923-bb28954e1513','22f74434-3a18-4ba9-b4d0-8c1e8641d9bc','코엑스','culture',1,'2026-01-27','아쿠아리움 + 별마당 도서관','2026-01-27T13:00:00+09:00'),
('c460c7bc-8330-4587-b923-bb28954e1513','22f74434-3a18-4ba9-b4d0-8c1e8641d9bc','을지로 카페','cafe',1,'2026-03-29','레트로 감성','2026-03-29T15:00:00+09:00');

-- ================================================
-- 13. 공유 메모 (4개) + 체크리스트 아이템
-- ================================================
INSERT INTO couple_memos (id, couple_id, author_id, category, title, is_pinned, color, created_at) VALUES
('50000000-0000-4000-a000-000000000001','c460c7bc-8330-4587-b923-bb28954e1513','22f74434-3a18-4ba9-b4d0-8c1e8641d9bc','places','가고 싶은 곳 리스트',true,'pink','2026-01-05T20:00:00+09:00'),
('50000000-0000-4000-a000-000000000002','c460c7bc-8330-4587-b923-bb28954e1513','7ae5c79f-582d-4031-939a-1066d9108a6c','bucket','버킷리스트',false,'yellow','2026-01-10T20:00:00+09:00'),
('50000000-0000-4000-a000-000000000003','c460c7bc-8330-4587-b923-bb28954e1513','22f74434-3a18-4ba9-b4d0-8c1e8641d9bc','grocery','장보기 메모',false,'green','2026-03-20T18:00:00+09:00'),
('50000000-0000-4000-a000-000000000004','c460c7bc-8330-4587-b923-bb28954e1513','7ae5c79f-582d-4031-939a-1066d9108a6c','wishlist','데이트 위시리스트',false,'blue','2026-02-01T20:00:00+09:00');

INSERT INTO memo_items (memo_id, content, is_checked, sort_order) VALUES
-- 가고 싶은 곳
('50000000-0000-4000-a000-000000000001','제주도 협재해수욕장',false,0),
('50000000-0000-4000-a000-000000000001','부산 감천문화마을',false,1),
('50000000-0000-4000-a000-000000000001','강릉 경포대',true,2),
('50000000-0000-4000-a000-000000000001','속초 중앙시장',false,3),
('50000000-0000-4000-a000-000000000001','전주 한옥마을',false,4),
-- 버킷리스트
('50000000-0000-4000-a000-000000000002','같이 일출 보기',true,0),
('50000000-0000-4000-a000-000000000002','커플 요리 클래스',false,1),
('50000000-0000-4000-a000-000000000002','해외여행 가기',false,2),
('50000000-0000-4000-a000-000000000002','캠핑 가기',false,3),
('50000000-0000-4000-a000-000000000002','같이 마라톤 완주',false,4),
-- 장보기
('50000000-0000-4000-a000-000000000003','계란',false,0),
('50000000-0000-4000-a000-000000000003','우유',false,1),
('50000000-0000-4000-a000-000000000003','식빵',false,2),
('50000000-0000-4000-a000-000000000003','딸기',true,3),
-- 데이트 위시리스트
('50000000-0000-4000-a000-000000000004','방탈출 카페',false,0),
('50000000-0000-4000-a000-000000000004','VR 체험',false,1),
('50000000-0000-4000-a000-000000000004','도자기 만들기',false,2),
('50000000-0000-4000-a000-000000000004','쿠킹 클래스',false,3);

-- ================================================
-- 14. 반려동물 + 일기 + 건강
-- ================================================
INSERT INTO pets (id, couple_id, name, breed, birthday, adoption_date, gender, weight_kg, personality, likes, dislikes, created_at) VALUES
('60000000-0000-4000-a000-000000000001','c460c7bc-8330-4587-b923-bb28954e1513',
 '초코','말티즈','2024-03-10','2024-05-01','male',3.2,
 '사람을 좋아하고 산책을 제일 좋아하는 아이',
 '{"산책","간식","공놀이","배 만지기"}','{"목욕","천둥","혼자 있기"}',
 '2025-08-01T10:00:00+09:00');

INSERT INTO pet_diaries (pet_id, couple_id, author_id, date, title, content, category, created_at) VALUES
('60000000-0000-4000-a000-000000000001','c460c7bc-8330-4587-b923-bb28954e1513','22f74434-3a18-4ba9-b4d0-8c1e8641d9bc',
 '2026-03-10','초코 2살 생일 🎂','생일 케이크(강아지용) 사줬더니 꼬리 흔들면서 엄청 좋아했다!','milestone','2026-03-10T18:00:00+09:00'),
('60000000-0000-4000-a000-000000000001','c460c7bc-8330-4587-b923-bb28954e1513','7ae5c79f-582d-4031-939a-1066d9108a6c',
 '2026-03-20','공원 산책 💚','오늘 공원에서 다른 강아지랑 친구가 됐다. 같이 뛰어노는 모습이 귀여웠다.','daily','2026-03-20T16:00:00+09:00'),
('60000000-0000-4000-a000-000000000001','c460c7bc-8330-4587-b923-bb28954e1513','22f74434-3a18-4ba9-b4d0-8c1e8641d9bc',
 '2026-04-01','수의사 검진 다녀옴','정기 검진 결과 건강하대! 체중도 적정이라고 했다. 안심 😊','sick','2026-04-01T15:00:00+09:00');

INSERT INTO pet_health (pet_id, couple_id, date, type, title, hospital, cost, next_date, memo, created_at) VALUES
('60000000-0000-4000-a000-000000000001','c460c7bc-8330-4587-b923-bb28954e1513',
 '2026-02-15','vaccination','종합백신 접종','해피동물병원',45000,'2026-08-15','7차 접종 완료','2026-02-15T14:00:00+09:00'),
('60000000-0000-4000-a000-000000000001','c460c7bc-8330-4587-b923-bb28954e1513',
 '2026-04-01','checkup','정기 건강검진','해피동물병원',35000,NULL,'건강 양호! 체중 3.2kg 적정','2026-04-01T15:00:00+09:00');

-- ================================================
-- 15. 쿠폰 타입 + 쿠폰
-- ================================================
INSERT INTO coupon_types (id, couple_id, author_id, emoji, title, description, created_at) VALUES
('70000000-0000-4000-a000-000000000001','c460c7bc-8330-4587-b923-bb28954e1513','7ae5c79f-582d-4031-939a-1066d9108a6c',
 '🍗','저녁 메뉴 선택권','오늘 저녁은 내가 고른다!','2026-02-01T20:00:00+09:00'),
('70000000-0000-4000-a000-000000000002','c460c7bc-8330-4587-b923-bb28954e1513','22f74434-3a18-4ba9-b4d0-8c1e8641d9bc',
 '💆','마사지 10분 쿠폰','어깨든 발이든 10분간 마사지','2026-02-01T20:01:00+09:00');

INSERT INTO coupons (couple_id, coupon_type_id, winner_id, status, created_at) VALUES
('c460c7bc-8330-4587-b923-bb28954e1513','70000000-0000-4000-a000-000000000001','22f74434-3a18-4ba9-b4d0-8c1e8641d9bc','active','2026-03-01T20:00:00+09:00'),
('c460c7bc-8330-4587-b923-bb28954e1513','70000000-0000-4000-a000-000000000002','7ae5c79f-582d-4031-939a-1066d9108a6c','active','2026-03-15T20:00:00+09:00'),
('c460c7bc-8330-4587-b923-bb28954e1513','70000000-0000-4000-a000-000000000001','7ae5c79f-582d-4031-939a-1066d9108a6c','used','2026-02-20T19:00:00+09:00');

-- ================================================================
-- 완료! 데모 데이터가 성공적으로 삽입되었습니다.
-- ================================================================
